referencia,ano,mes,ano_mes,ipca_variacao,ipca_acumulado_ano,ipca_acumulado_doze_meses,ipca15_variacao,ipca15_acumulado_ano,ipca15_acumulado_doze_meses,inpc_variacao,inpc_acumulado_ano,inpc_acumulado_doze_meses,ipa_variacao,ipa_acumulado_ano,ipc_fipe_variacao,ipc_fipe_acumulado_ano,incc_variacao,incc_acumulado_ano,incc_m_variacao,incc_m_acumulado_ano,selic_meta,selic_ano,juros_reais,salario_minimo,consolidado_ano
1995-01,1995,1,199501,1.7,1.7,631.54,0.0,0.0,0.0,1.44,1.44,638.85,0.87,0.87,0.8,0.8,3.5,3.5,1.37,1.37,0.0,46.25,-80.01,70.0,False
1995-02,1995,2,199502,1.02,2.74,426.83,0.0,0.0,0.0,1.01,2.46,430.93,0.58,1.45,1.32,2.12,2.09,5.59,3.54,4.91,0.0,56.54,-70.29,70.0,False
1995-03,1995,3,199503,1.55,4.33,274.78,0.0,0.0,0.0,1.62,4.13,277.08,1.08,2.53,1.92,4.04,3.3,8.89,2.41,7.32,0.0,57.98,-57.85,70.0,False
1995-04,1995,4,199504,2.43,6.87,169.05,0.0,0.0,0.0,2.49,6.72,170.53,1.99,4.52,2.64,6.68,2.3,11.19,2.74,10.06,0.0,85.47,-31.06,70.0,False
1995-05,1995,5,199505,2.67,9.72,91.79,0.0,0.0,0.0,2.1,8.96,93.52,-2.03,2.49,1.97,8.65,8.77,19.96,2.43,12.49,0.0,61.05,-16.03,100.0,False
1995-06,1995,6,199506,2.26,12.2,33.03,0.0,0.0,0.0,2.18,11.33,33.39,1.55,4.04,2.66,11.31,3.12,23.08,9.38,21.87,0.0,60.84,20.91,100.0,False
1995-07,1995,7,199507,2.36,14.84,27.45,0.0,0.0,0.0,2.46,14.07,26.84,2.24,6.28,3.72,15.03,1.09,24.17,2.71,24.58,0.0,60.53,25.96,100.0,False
1995-08,1995,8,199508,0.99,15.98,26.36,0.0,0.0,0.0,1.02,15.24,25.81,1.73,8.01,1.43,16.46,0.62,24.79,0.93,25.51,0.0,51.11,19.59,100.0,False
1995-09,1995,9,199509,0.99,17.13,25.69,0.0,0.0,0.0,1.17,16.59,25.52,-2.42,5.59,0.74,17.2,0.72,25.51,4.68,30.19,0.0,51.0,20.14,100.0,False
1995-10,1995,10,199510,1.41,18.78,24.21,0.0,0.0,0.0,1.4,18.22,23.79,-0.14,5.45,1.48,18.68,0.86,26.37,0.72,30.91,0.0,44.11,16.02,100.0,False
1995-11,1995,11,199511,1.47,20.53,22.59,0.0,0.0,0.0,1.51,20.0,22.04,1.49,6.94,1.17,19.85,0.73,27.1,0.76,31.67,0.0,42.93,16.59,100.0,False
1995-12,1995,12,199512,1.56,22.41,22.41,0.0,0.0,0.0,1.65,21.98,21.98,-0.61,6.33,1.21,21.06,0.86,27.96,1.07,32.74,0.0,41.22,15.37,100.0,True
1996-01,1996,1,199601,1.34,1.34,21.97,0.0,0.0,0.0,1.46,1.46,22.01,1.31,1.31,1.82,1.82,1.52,1.52,0.67,0.67,0.0,33.83,9.72,100.0,False
1996-02,1996,2,199602,1.03,2.38,21.99,0.0,0.0,0.0,0.71,2.18,21.64,0.47,1.78,0.4,2.22,0.11,1.63,1.35,2.02,0.0,36.11,11.57,100.0,False
1996-03,1996,3,199603,0.35,2.74,20.55,0.0,0.0,0.0,0.29,2.48,20.05,-0.07,1.71,0.23,2.45,0.98,2.61,0.19,2.21,0.0,30.16,7.97,100.0,False
1996-04,1996,4,199604,1.26,4.04,19.17,0.0,0.0,0.0,0.93,3.43,18.22,0.41,2.12,1.62,4.07,0.25,2.86,0.89,3.1,0.0,29.42,8.6,100.0,False
1996-05,1996,5,199605,1.22,5.31,17.49,0.0,0.0,0.0,1.28,4.75,17.27,1.34,3.46,1.34,5.41,2.16,5.02,0.55,3.65,0.0,25.64,6.94,112.0,False
1996-06,1996,6,199606,1.19,6.56,16.26,0.0,0.0,0.0,1.33,6.15,16.3,0.94,4.4,1.41,6.82,1.54,6.56,2.01,5.66,1.9,29.65,11.52,112.0,False
1996-07,1996,7,199607,1.11,7.74,14.84,0.0,0.0,0.0,1.2,7.42,14.87,1.38,5.78,1.31,8.13,0.75,7.31,1.52,7.18,1.9,23.28,7.35,112.0,False
1996-08,1996,8,199608,0.44,8.22,14.21,0.0,0.0,0.0,0.5,7.96,14.28,-0.05,5.73,0.34,8.47,0.23,7.54,0.74,7.92,1.88,25.01,9.46,112.0,False
1996-09,1996,9,199609,0.15,8.38,13.26,0.0,0.0,0.0,0.02,7.98,12.98,0.41,6.14,0.07,8.54,0.22,7.76,0.15,8.07,1.82,25.4,10.72,112.0,False
1996-10,1996,10,199610,0.3,8.7,12.02,0.0,0.0,0.0,0.38,8.39,11.84,0.24,6.38,0.58,9.12,0.26,8.02,0.23,8.3,1.78,23.48,10.23,112.0,False
1996-11,1996,11,199611,0.32,9.05,10.75,0.0,0.0,0.0,0.34,8.76,10.55,0.24,6.62,0.34,9.46,0.58,8.6,0.28,8.58,1.74,25.27,13.11,112.0,False
1996-12,1996,12,199612,0.47,9.56,9.56,0.0,0.0,0.0,0.33,9.12,9.12,1.21,7.83,0.17,9.63,0.59,9.19,0.48,9.06,1.7,23.94,13.13,112.0,True
1997-01,1997,1,199701,1.18,1.18,9.39,0.0,0.0,0.0,0.81,0.81,8.42,1.67,1.67,1.23,1.23,0.32,0.32,0.68,0.68,1.66,21.73,11.28,112.0,False
1997-02,1997,2,199702,0.5,1.69,8.82,0.0,0.0,0.0,0.45,1.26,8.14,0.34,2.01,0.01,1.24,0.48,0.8,0.31,0.99,1.62,26.14,15.92,112.0,False
1997-03,1997,3,199703,0.51,2.21,8.99,0.0,0.0,0.0,0.68,1.95,8.56,1.59,3.6,0.21,1.45,0.73,1.53,0.42,1.41,1.58,24.11,13.87,112.0,False
1997-04,1997,4,199704,0.88,3.1,8.58,0.0,0.0,0.0,0.6,2.56,8.2,0.53,4.13,0.64,2.09,0.23,1.76,0.73,2.14,1.58,21.84,12.21,112.0,False
1997-05,1997,5,199705,0.41,3.53,7.71,0.0,0.0,0.0,0.11,2.68,6.95,0.14,4.27,0.55,2.64,0.86,2.62,0.3,2.44,1.58,21.91,13.18,120.0,False
1997-06,1997,6,199706,0.54,4.09,7.02,0.0,0.0,0.0,0.35,3.04,5.92,0.24,4.51,1.42,4.06,1.11,3.73,0.99,3.43,1.58,21.08,13.14,120.0,False
1997-07,1997,7,199707,0.22,4.31,6.08,0.0,0.0,0.0,0.18,3.22,4.85,-0.09,4.42,0.11,4.17,0.51,4.24,0.94,4.37,1.58,19.04,12.22,120.0,False
1997-08,1997,8,199708,-0.02,4.29,5.59,0.0,0.0,0.0,-0.03,3.19,4.3,-0.15,4.27,-0.76,3.41,1.18,5.42,0.55,4.92,1.58,20.78,14.39,120.0,False
1997-09,1997,9,199709,0.06,4.36,5.5,0.0,0.0,0.0,0.1,3.29,4.38,0.92,5.19,0.01,3.42,0.27,5.69,1.18,6.1,1.58,19.81,13.56,120.0,False
1997-10,1997,10,199710,0.23,4.6,5.42,0.0,0.0,0.0,0.29,3.59,4.29,0.41,5.6,0.22,3.64,0.15,5.84,0.22,6.32,3.05,19.93,13.76,120.0,False
1997-11,1997,11,199711,0.17,4.77,5.27,0.0,0.0,0.0,0.15,3.75,4.09,1.08,6.68,0.53,4.17,0.54,6.38,0.22,6.54,2.9,45.9,38.6,120.0,False
1997-12,1997,12,199712,0.43,5.22,5.22,0.0,0.0,0.0,0.57,4.34,4.34,0.87,7.55,0.57,4.74,0.23,6.61,0.52,7.06,38.0,39.87,32.93,120.0,True
1998-01,1998,1,199801,0.71,0.71,4.73,0.0,0.0,0.0,0.85,0.85,4.38,0.75,0.75,0.24,0.24,0.33,0.33,0.29,0.29,34.5,37.19,30.99,120.0,False
1998-02,1998,2,199802,0.46,1.17,4.69,0.0,0.0,0.0,0.54,1.39,4.47,-0.15,0.6,-0.16,0.08,0.48,0.81,0.48,0.77,34.5,34.32,28.3,120.0,False
1998-03,1998,3,199803,0.34,1.52,4.52,0.0,0.0,0.0,0.49,1.89,4.28,0.13,0.73,-0.23,-0.15,0.47,1.28,0.31,1.08,28.0,28.32,22.77,120.0,False
1998-04,1998,4,199804,0.24,1.76,3.85,0.0,0.0,0.0,0.45,2.35,4.12,-0.28,0.45,0.62,0.47,-0.5,0.78,0.0,1.08,23.25,25.16,20.52,120.0,False
1998-05,1998,5,199805,0.5,2.27,3.95,0.0,0.0,0.0,0.72,3.09,4.75,0.13,0.58,0.52,0.99,0.98,1.76,0.47,1.55,21.75,22.6,17.94,130.0,False
1998-06,1998,6,199806,0.02,2.29,3.41,0.0,0.0,0.0,0.15,3.24,4.55,0.17,0.75,0.19,1.18,0.39,2.15,0.86,2.41,21.0,21.02,17.03,130.0,False
1998-07,1998,7,199807,-0.12,2.17,3.06,0.0,0.0,0.0,-0.28,2.95,4.07,-0.61,0.14,-0.77,0.41,0.34,2.49,0.42,2.83,19.75,20.33,16.76,130.0,False
1998-08,1998,8,199808,-0.51,1.65,2.55,0.0,0.0,0.0,-0.49,2.45,3.59,-0.04,0.1,-1.0,-0.59,0.22,2.71,0.29,3.12,19.75,19.23,16.27,130.0,False
1998-09,1998,9,199809,-0.22,1.42,2.27,0.0,0.0,0.0,-0.31,2.13,3.16,0.06,0.16,-0.66,-1.25,0.01,2.72,0.09,3.21,19.0,34.29,31.31,130.0,False
1998-10,1998,10,199810,0.02,1.44,2.05,0.0,0.0,0.0,0.11,2.24,2.98,-0.19,-0.03,0.02,-1.23,0.01,2.73,0.05,3.26,19.0,41.6,38.76,130.0,False
1998-11,1998,11,199811,-0.12,1.32,1.76,0.0,0.0,0.0,-0.18,2.06,2.64,-0.2,-0.23,-0.44,-1.67,-0.05,2.68,0.0,3.26,19.0,38.73,36.33,130.0,False
1998-12,1998,12,199812,0.33,1.65,1.65,0.0,0.0,0.0,0.42,2.49,2.49,1.74,1.51,-0.12,-1.79,0.05,2.73,0.0,3.26,29.0,31.24,29.11,130.0,True
1999-01,1999,1,199901,0.7,0.7,1.65,0.0,0.0,0.0,0.65,0.65,2.28,1.58,1.58,0.5,0.5,0.55,0.55,0.21,0.21,25.0,31.19,29.06,130.0,False
1999-02,1999,2,199902,1.05,1.76,2.24,0.0,0.0,0.0,1.29,1.95,3.05,6.99,8.57,1.41,1.91,0.98,1.53,0.62,0.83,25.0,38.97,35.93,130.0,False
1999-03,1999,3,199903,1.1,2.88,3.02,0.0,0.0,0.0,1.28,3.25,3.86,2.84,11.41,0.56,2.47,0.55,2.08,0.91,1.74,45.0,43.25,39.05,130.0,False
1999-04,1999,4,199904,0.56,3.45,3.35,0.0,0.0,0.0,0.47,3.74,3.88,-0.34,11.07,0.47,2.94,0.52,2.6,0.58,2.32,34.0,36.12,31.71,130.0,False
1999-05,1999,5,199905,0.3,3.76,3.14,0.0,0.0,0.0,0.05,3.79,3.19,-0.82,10.25,-0.37,2.57,0.86,3.46,0.38,2.7,23.5,27.11,23.24,136.0,False
1999-06,1999,6,199906,0.19,3.96,3.32,0.0,0.0,0.0,0.07,3.86,3.1,1.35,11.6,-0.08,2.49,0.41,3.87,0.88,3.58,21.0,22.01,18.09,136.0,False
1999-07,1999,7,199907,1.09,5.09,4.57,0.0,0.0,0.0,0.74,4.63,4.16,2.03,13.63,1.09,3.58,0.46,4.33,0.41,3.99,19.5,20.74,15.46,136.0,False
1999-08,1999,8,199908,0.56,5.68,5.69,0.0,0.0,0.0,0.55,5.21,5.25,2.15,15.78,0.74,4.32,0.69,5.02,0.52,4.51,19.5,19.51,13.08,136.0,False
1999-09,1999,9,199909,0.31,6.01,6.25,0.0,0.0,0.0,0.39,5.62,5.99,2.3,18.08,0.91,5.23,0.86,5.88,0.83,5.34,19.0,19.38,12.36,136.0,False
1999-10,1999,10,199910,1.19,7.27,7.5,0.0,0.0,0.0,0.96,6.63,6.89,2.58,20.66,1.13,6.36,1.01,6.89,0.79,6.13,19.0,18.91,10.61,136.0,False
1999-11,1999,11,199911,0.95,8.29,8.65,0.0,0.0,0.0,0.94,7.63,8.08,3.71,24.37,1.48,7.84,0.91,7.8,1.22,7.35,19.0,18.95,9.48,136.0,False
1999-12,1999,12,199912,0.6,8.94,8.94,0.0,0.0,0.0,0.74,8.43,8.43,1.49,25.86,0.49,8.33,1.04,8.84,0.81,8.16,19.0,18.99,9.23,136.0,True
2000-01,2000,1,200001,0.62,0.62,8.85,0.0,0.0,0.0,0.61,0.61,8.39,1.02,1.02,0.57,0.57,1.07,1.07,1.15,1.15,19.0,18.94,9.27,136.0,False
2000-02,2000,2,200002,0.13,0.75,7.86,0.0,0.0,0.0,0.05,0.66,7.06,0.17,1.19,-0.23,0.34,0.77,1.84,0.89,2.04,19.0,18.87,10.21,136.0,False
2000-03,2000,3,200003,0.22,0.97,6.92,0.0,0.0,0.0,0.13,0.79,5.84,-0.05,1.14,0.23,0.57,0.56,2.4,0.82,2.86,19.0,18.85,11.16,136.0,False
2000-04,2000,4,200004,0.42,1.4,6.77,0.0,0.0,0.0,0.09,0.88,5.44,-0.02,1.12,0.09,0.66,0.6,3.0,0.69,3.55,18.5,18.62,11.1,151.0,False
2000-05,2000,5,200005,0.01,1.41,6.47,0.09,1.65,6.57,-0.05,0.83,5.34,0.69,1.81,0.03,0.69,1.35,4.35,0.57,4.12,18.5,18.51,11.31,151.0,False
2000-06,2000,6,200006,0.23,1.64,6.51,0.08,1.73,6.68,0.3,1.13,5.58,1.45,3.26,0.18,0.87,0.73,5.08,1.09,5.21,17.5,18.04,10.83,151.0,False
2000-07,2000,7,200007,1.61,3.28,7.06,0.78,2.52,6.67,1.39,2.54,6.26,2.79,6.05,1.4,2.27,0.3,5.38,0.83,6.04,16.5,16.85,9.14,151.0,False
2000-08,2000,8,200008,1.31,4.63,7.86,1.99,4.56,7.92,1.21,3.78,6.96,2.56,8.61,1.55,3.82,0.39,5.77,0.35,6.39,16.5,16.52,8.03,151.0,False
2000-09,2000,9,200009,0.23,4.87,7.77,0.45,5.03,7.9,0.43,4.23,7.0,1.09,9.7,0.27,4.09,0.26,6.03,0.3,6.69,16.5,16.56,8.16,151.0,False
2000-10,2000,10,200010,0.14,5.02,6.65,0.18,5.22,7.23,0.16,4.39,6.15,0.56,10.26,0.01,4.1,0.33,6.36,0.28,6.97,16.5,16.6,9.33,151.0,False
2000-11,2000,11,200011,0.32,5.35,5.99,0.17,5.4,6.36,0.29,4.7,5.47,0.38,10.64,-0.05,4.05,0.41,6.77,0.29,7.26,16.5,16.51,9.93,151.0,False
2000-12,2000,12,200012,0.59,5.97,5.97,0.6,6.04,6.04,0.55,5.27,5.27,0.85,11.49,0.26,4.31,0.64,7.41,0.49,7.75,15.75,16.19,9.64,151.0,True
2001-01,2001,1,200101,0.57,0.57,5.92,0.63,0.63,6.01,0.77,0.77,5.44,0.4,0.4,0.38,0.38,0.58,0.58,0.4,0.4,15.25,15.49,9.04,151.0,False
2001-02,2001,2,200102,0.46,1.03,6.27,0.5,1.13,6.18,0.49,1.26,5.9,0.31,0.71,0.11,0.49,0.34,0.92,0.55,0.95,15.25,15.2,8.4,151.0,False
2001-03,2001,3,200103,0.38,1.42,6.44,0.36,1.5,6.47,0.48,1.75,6.27,1.01,1.72,0.51,1.0,0.27,1.19,0.34,1.29,15.75,15.39,8.41,151.0,False
2001-04,2001,4,200104,0.58,2.0,6.61,0.5,2.01,6.5,0.84,2.6,7.07,1.39,3.11,0.61,1.61,0.36,1.55,0.28,1.57,16.25,16.02,8.83,180.0,False
2001-05,2001,5,200105,0.41,2.42,7.04,0.49,2.51,6.93,0.57,3.19,7.73,0.18,3.29,0.17,1.78,2.11,3.66,2.0,3.57,16.75,16.43,8.77,180.0,False
2001-06,2001,6,200106,0.52,2.96,7.35,0.38,2.89,7.25,0.6,3.81,8.06,1.96,5.25,0.85,2.63,1.16,4.82,0.69,4.26,18.25,17.28,9.25,180.0,False
2001-07,2001,7,200107,1.33,4.32,7.05,0.94,3.86,7.42,1.11,4.96,7.76,1.93,7.18,1.21,3.84,0.52,5.34,1.07,5.33,19.0,18.57,10.76,180.0,False
2001-08,2001,8,200108,0.7,5.06,6.41,1.18,5.09,6.57,0.79,5.79,7.31,1.13,8.31,1.15,4.99,0.62,5.96,0.56,5.89,19.0,19.0,11.83,180.0,False
2001-09,2001,9,200109,0.28,5.35,6.46,0.38,5.49,6.49,0.44,6.26,7.32,0.48,8.79,0.32,5.31,0.55,6.51,0.59,6.48,19.0,19.06,11.84,180.0,False
2001-10,2001,10,200110,0.83,6.22,7.19,0.37,5.88,6.69,0.94,7.25,8.16,1.88,10.67,0.74,6.05,0.93,7.44,0.92,7.4,19.0,19.06,11.07,180.0,False
2001-11,2001,11,200111,0.71,6.98,7.61,0.99,6.92,7.57,1.29,8.64,9.24,0.73,11.4,0.61,6.66,0.74,8.18,0.6,8.0,19.0,19.05,10.63,180.0,False
2001-12,2001,12,200112,0.65,7.67,7.67,0.55,7.51,7.51,0.74,9.44,9.44,-0.09,11.31,0.25,6.91,0.34,8.52,0.7,8.7,19.0,19.05,10.57,180.0,True
2002-01,2002,1,200201,0.52,0.52,7.62,0.62,0.62,7.5,1.07,1.07,9.77,-0.13,-0.13,0.57,0.57,0.36,0.36,0.4,0.4,19.0,19.05,10.62,180.0,False
2002-02,2002,2,200202,0.36,0.88,7.51,0.44,1.06,7.44,0.31,1.38,9.57,0.14,0.01,0.26,0.83,0.58,0.94,0.31,0.71,18.75,18.97,10.66,180.0,False
2002-03,2002,3,200203,0.6,1.49,7.75,0.4,1.47,7.48,0.62,2.01,9.72,-0.11,-0.1,0.07,0.9,0.55,1.49,0.84,1.55,18.5,18.72,10.18,180.0,False
2002-04,2002,4,200204,0.8,2.3,7.98,0.78,2.26,7.78,0.68,2.71,9.55,0.75,0.65,0.06,0.96,0.33,1.82,0.32,1.87,18.5,18.38,9.63,200.0,False
2002-05,2002,5,200205,0.21,2.51,7.77,0.42,2.69,7.7,0.09,2.8,9.03,1.27,1.92,0.06,1.02,2.53,4.35,2.47,4.34,18.5,18.37,9.84,200.0,False
2002-06,2002,6,200206,0.42,2.94,7.66,0.33,3.03,7.65,0.61,3.42,9.04,2.5,4.42,0.31,1.33,0.57,4.92,0.21,4.55,18.5,18.1,9.7,200.0,False
2002-07,2002,7,200207,1.19,4.17,7.51,0.77,3.82,7.47,1.15,4.61,9.08,2.82,7.24,0.67,2.0,0.29,5.21,0.63,5.18,18.0,18.17,9.92,200.0,False
2002-08,2002,8,200208,0.65,4.85,7.46,1.0,4.86,7.28,0.86,5.51,9.16,3.32,10.56,1.01,3.01,1.0,6.21,0.82,6.0,18.0,17.84,9.66,200.0,False
2002-09,2002,9,200209,0.72,5.6,7.93,0.62,5.51,7.54,0.83,6.39,9.58,3.84,14.4,0.76,3.77,0.71,6.92,0.68,6.68,18.0,17.89,9.23,200.0,False
2002-10,2002,10,200210,1.31,6.98,8.45,0.9,6.46,8.1,1.57,8.06,10.26,6.02,20.42,1.28,5.05,1.13,8.05,0.82,7.5,21.0,19.59,10.27,200.0,False
2002-11,2002,11,200211,3.02,10.22,10.93,2.08,8.67,9.27,3.39,11.72,12.55,7.45,27.87,2.65,7.7,2.45,10.5,2.19,9.69,22.0,21.25,9.3,200.0,False
2002-12,2002,12,200212,2.1,12.53,12.53,3.05,11.99,11.99,2.7,14.74,14.74,3.14,31.01,1.83,9.53,1.7,12.2,2.13,11.82,25.0,23.03,9.33,200.0,True
2003-01,2003,1,200301,2.25,2.25,14.47,1.98,1.98,13.5,2.47,2.47,16.33,2.21,2.21,2.19,2.19,1.51,1.51,1.45,1.45,25.5,25.06,9.25,200.0,False
2003-02,2003,2,200302,1.57,3.86,15.85,2.19,4.21,15.48,1.46,3.97,17.66,1.71,3.92,1.61,3.8,1.39,2.9,1.6,3.05,26.5,25.68,8.49,200.0,False
2003-03,2003,3,200303,1.23,5.13,16.57,1.14,5.4,16.33,1.37,5.39,18.54,1.93,5.85,0.67,4.47,1.38,4.28,1.38,4.43,26.5,26.32,8.36,200.0,False
2003-04,2003,4,200304,0.97,6.15,16.77,1.14,6.6,16.74,1.38,6.84,19.36,0.07,5.92,0.57,5.04,0.9,5.18,0.81,5.24,26.5,26.32,8.18,240.0,False
2003-05,2003,5,200305,0.61,6.8,17.24,0.85,7.51,17.24,0.99,7.9,20.44,-1.68,4.24,0.31,5.35,2.84,8.02,2.98,8.22,26.5,26.31,7.74,240.0,False
2003-06,2003,6,200306,-0.15,6.64,16.57,0.22,7.75,17.12,-0.06,7.84,19.64,-1.16,3.08,-0.16,5.19,1.05,9.07,0.74,8.96,26.0,26.09,8.17,240.0,False
2003-07,2003,7,200307,0.2,6.85,15.43,-0.18,7.55,16.01,0.04,7.88,18.32,-0.59,2.49,-0.08,5.11,0.99,10.06,0.59,9.55,24.5,25.36,8.6,240.0,False
2003-08,2003,8,200308,0.34,7.22,15.07,0.27,7.84,15.17,0.18,8.08,17.53,0.7,3.19,0.63,5.74,1.44,11.5,2.2,11.75,22.0,23.5,7.33,240.0,False
2003-09,2003,9,200309,0.78,8.05,15.14,0.57,8.46,15.12,0.82,8.96,17.51,1.29,4.48,0.84,6.58,0.22,11.72,0.24,11.99,20.0,21.02,5.11,240.0,False
2003-10,2003,10,200310,0.29,8.37,13.98,0.66,9.17,14.84,0.39,9.39,16.15,0.5,4.98,0.63,7.21,0.65,12.37,0.47,12.46,19.0,19.54,4.88,240.0,False
2003-11,2003,11,200311,0.34,8.74,11.02,0.17,9.36,12.69,0.37,9.79,12.76,0.46,5.44,0.27,7.48,1.04,13.41,0.42,12.88,17.5,18.31,6.57,240.0,False
2003-12,2003,12,200312,0.52,9.3,9.3,0.46,9.86,9.86,0.54,10.38,10.38,0.74,6.18,0.42,7.9,0.16,13.57,0.99,13.87,16.5,16.91,6.96,240.0,True
2004-01,2004,1,200401,0.76,0.76,7.71,0.68,0.68,8.46,0.83,0.83,8.62,0.75,0.75,0.65,0.65,0.33,0.33,0.28,0.28,16.5,16.32,7.99,240.0,False
2004-02,2004,2,200402,0.61,1.37,6.69,0.9,1.59,7.09,0.39,1.22,7.47,1.42,2.17,0.19,0.84,1.0,1.33,0.48,0.76,16.5,16.3,9.01,240.0,False
2004-03,2004,3,200403,0.47,1.85,5.89,0.4,1.99,6.31,0.57,1.8,6.62,1.09,3.26,0.12,0.96,1.16,2.49,1.59,2.35,16.25,16.19,9.73,240.0,False
2004-04,2004,4,200404,0.37,2.23,5.26,0.21,2.21,5.33,0.41,2.22,5.6,1.57,4.83,0.29,1.25,0.59,3.08,0.6,2.95,16.0,15.96,10.17,240.0,False
2004-05,2004,5,200405,0.51,2.75,5.15,0.54,2.76,5.01,0.4,2.63,4.99,1.71,6.54,0.57,1.82,1.83,4.91,1.74,4.69,16.0,15.77,10.1,260.0,False
2004-06,2004,6,200406,0.71,3.48,6.06,0.56,3.33,5.36,0.5,3.14,5.57,1.57,8.11,0.92,2.74,0.7,5.61,0.56,5.25,16.0,15.8,9.18,260.0,False
2004-07,2004,7,200407,0.91,4.42,6.81,0.93,4.3,6.53,0.73,3.89,6.3,1.35,9.46,0.59,3.33,1.12,6.73,1.12,6.37,16.0,15.77,8.39,260.0,False
2004-08,2004,8,200408,0.69,5.14,7.18,0.79,5.12,7.09,0.5,4.41,6.64,1.59,11.05,0.99,4.32,0.81,7.54,0.9,7.27,16.0,15.86,8.1,260.0,False
2004-09,2004,9,200409,0.33,5.49,6.7,0.49,5.63,7.0,0.17,4.59,5.95,0.65,11.7,0.21,4.53,0.58,8.12,0.67,7.94,16.25,16.09,8.8,260.0,False
2004-10,2004,10,200410,0.44,5.95,6.86,0.32,5.97,6.64,0.17,4.77,5.72,0.61,12.31,0.62,5.15,1.19,9.31,0.95,8.89,16.75,16.41,8.94,260.0,False
2004-11,2004,11,200411,0.69,6.68,7.24,0.63,6.64,7.13,0.44,5.23,5.8,1.0,13.31,0.56,5.71,0.71,10.02,0.94,9.83,17.25,16.96,9.06,260.0,False
2004-12,2004,12,200412,0.86,7.6,7.6,0.84,7.54,7.54,0.86,6.13,6.13,0.48,13.79,0.67,6.38,0.51,10.53,0.61,10.44,17.75,17.5,9.2,260.0,True
2005-01,2005,1,200501,0.58,0.58,7.41,0.68,0.68,7.54,0.57,0.57,5.86,0.08,0.08,0.56,0.56,0.75,0.75,0.7,0.7,18.25,17.93,9.79,260.0,False
2005-02,2005,2,200502,0.59,1.17,7.39,0.74,1.43,7.36,0.44,1.01,5.91,0.39,0.47,0.36,0.92,0.44,1.19,0.42,1.12,18.75,18.47,10.32,260.0,False
2005-03,2005,3,200503,0.61,1.79,7.54,0.35,1.78,7.31,0.73,1.75,6.08,1.14,1.61,0.79,1.71,0.67,1.86,0.71,1.83,19.25,18.97,10.63,260.0,False
2005-04,2005,4,200504,0.87,2.68,8.07,0.74,2.53,7.88,0.91,2.68,6.61,0.33,1.94,0.83,2.54,0.72,2.58,0.38,2.21,19.5,19.32,10.41,260.0,False
2005-05,2005,5,200505,0.49,3.18,8.05,0.83,3.38,8.19,0.7,3.39,6.93,-0.98,0.96,0.35,2.89,2.09,4.67,0.54,2.75,19.75,19.61,10.7,300.0,False
2005-06,2005,6,200506,-0.02,3.16,7.27,0.12,3.51,7.72,-0.11,3.28,6.28,-0.78,0.18,-0.2,2.69,0.76,5.43,2.2,4.95,19.75,19.75,11.63,300.0,False
2005-07,2005,7,200507,0.25,3.42,6.57,0.11,3.62,6.84,0.03,3.31,5.54,-0.69,-0.51,0.3,2.99,0.11,5.54,0.65,5.6,19.75,19.72,12.34,300.0,False
2005-08,2005,8,200508,0.17,3.59,6.02,0.28,3.91,6.3,0.0,3.31,5.01,-1.04,-1.55,-0.2,2.79,0.02,5.56,0.05,5.65,19.75,19.75,12.95,300.0,False
2005-09,2005,9,200509,0.35,3.95,6.04,0.16,4.08,5.95,0.15,3.47,4.99,-0.28,-1.83,0.44,3.23,0.24,5.8,0.06,5.71,19.5,19.61,12.8,300.0,False
2005-10,2005,10,200510,0.75,4.73,6.36,0.56,4.66,6.21,0.58,4.07,5.42,0.79,-1.04,0.63,3.86,0.19,5.99,0.28,5.99,19.0,19.25,12.12,300.0,False
2005-11,2005,11,200511,0.55,5.31,6.22,0.78,5.48,6.36,0.54,4.63,5.53,0.24,-0.8,0.29,4.15,0.28,6.27,0.29,6.28,18.5,18.87,11.91,300.0,False
2005-12,2005,12,200512,0.36,5.69,5.69,0.38,5.88,5.88,0.4,5.05,5.05,-0.14,-0.94,0.29,4.44,0.37,6.64,0.38,6.66,18.0,18.24,11.87,300.0,True
2006-01,2006,1,200601,0.59,0.59,5.7,0.51,0.51,5.7,0.38,0.38,4.85,0.81,0.81,0.5,0.5,0.34,0.34,0.24,0.24,17.25,17.65,11.31,300.0,False
2006-02,2006,2,200602,0.41,1.0,5.51,0.52,1.03,5.47,0.23,0.61,4.63,-0.12,0.69,-0.03,0.47,0.19,0.53,0.28,0.52,17.25,17.28,11.16,300.0,False
2006-03,2006,3,200603,0.43,1.44,5.32,0.37,1.41,5.49,0.27,0.88,4.15,-0.82,-0.13,0.14,0.61,0.2,0.73,0.23,0.75,16.5,16.74,10.84,300.0,False
2006-04,2006,4,200604,0.21,1.65,4.63,0.17,1.58,4.89,0.12,1.0,3.34,-0.15,-0.28,0.01,0.62,0.36,1.09,0.21,0.96,15.75,16.19,11.05,350.0,False
2006-05,2006,5,200605,0.1,1.75,4.23,0.27,1.85,4.31,0.13,1.13,2.75,0.46,0.18,-0.22,0.4,1.32,2.41,0.81,1.77,15.25,15.7,11.0,350.0,False
2006-06,2006,6,200606,-0.21,1.54,4.03,-0.15,1.7,4.03,-0.07,1.06,2.79,1.06,1.24,-0.31,0.09,0.9,3.31,1.45,3.22,15.25,15.18,10.72,350.0,False
2006-07,2006,7,200607,0.19,1.73,3.97,-0.02,1.68,3.89,0.11,1.18,2.87,0.17,1.41,0.21,0.3,0.47,3.78,0.57,3.79,14.75,14.98,10.59,350.0,False
2006-08,2006,8,200608,0.05,1.78,3.84,0.19,1.87,3.8,-0.02,1.16,2.85,0.53,1.94,0.12,0.42,0.24,4.02,0.35,4.14,14.25,14.66,10.42,350.0,False
2006-09,2006,9,200609,0.21,2.0,3.7,0.05,1.92,3.69,0.16,1.32,2.86,0.28,2.22,0.25,0.67,0.11,4.13,0.09,4.23,14.25,14.17,10.1,350.0,False
2006-10,2006,10,200610,0.33,2.33,3.26,0.29,2.22,3.41,0.43,1.75,2.71,1.16,3.38,0.39,1.06,0.21,4.34,0.18,4.41,13.75,13.95,10.35,350.0,False
2006-11,2006,11,200611,0.31,2.65,3.02,0.37,2.6,2.99,0.42,2.18,2.59,0.75,4.13,0.42,1.48,0.23,4.57,0.23,4.64,13.25,13.65,10.32,350.0,False
2006-12,2006,12,200612,0.48,3.14,3.14,0.35,2.96,2.96,0.62,2.81,2.81,0.11,4.24,1.04,2.52,0.36,4.93,0.3,4.94,13.25,13.19,9.74,350.0,True
2007-01,2007,1,200701,0.44,0.44,2.99,0.52,0.52,2.97,0.49,0.49,2.93,0.32,0.32,0.66,0.66,0.45,0.45,0.45,0.45,13.0,13.13,9.85,350.0,False
2007-02,2007,2,200702,0.44,0.88,3.02,0.46,0.98,2.91,0.42,0.91,3.12,0.19,0.51,0.33,0.99,0.21,0.66,0.26,0.71,13.0,12.93,9.62,350.0,False
2007-03,2007,3,200703,0.37,1.26,2.96,0.41,1.4,2.95,0.44,1.36,3.3,0.11,0.62,0.11,1.1,0.27,0.93,0.17,0.88,12.75,12.74,9.5,350.0,False
2007-04,2007,4,200704,0.25,1.51,3.0,0.22,1.62,3.0,0.26,1.62,3.44,0.02,0.64,0.33,1.43,0.46,1.39,0.43,1.31,12.5,12.58,9.3,380.0,False
2007-05,2007,5,200705,0.28,1.79,3.18,0.26,1.88,2.99,0.26,1.88,3.57,-0.04,0.6,0.36,1.79,1.15,2.54,0.55,1.86,12.5,12.43,8.96,380.0,False
2007-06,2007,6,200706,0.28,2.08,3.69,0.29,2.18,3.44,0.31,2.2,3.97,0.09,0.69,0.55,2.34,0.92,3.46,1.67,3.53,12.0,12.03,8.04,380.0,False
2007-07,2007,7,200707,0.24,2.32,3.74,0.24,2.42,3.71,0.32,2.53,4.19,0.42,1.11,0.27,2.61,0.31,3.77,0.21,3.74,11.5,11.73,7.7,380.0,False
2007-08,2007,8,200708,0.47,2.8,4.18,0.42,2.85,3.95,0.59,3.13,4.82,1.96,3.07,0.07,2.68,0.26,4.03,0.35,4.09,11.5,11.43,6.96,380.0,False
2007-09,2007,9,200709,0.18,2.99,4.15,0.29,3.15,4.2,0.25,3.39,4.92,1.64,4.71,0.24,2.92,0.51,4.54,0.39,4.48,11.25,11.22,6.79,380.0,False
2007-10,2007,10,200710,0.3,3.3,4.12,0.24,3.4,4.15,0.3,3.7,4.78,1.02,5.73,0.08,3.0,0.51,5.05,0.49,4.97,11.25,11.18,6.78,380.0,False
2007-11,2007,11,200711,0.38,3.69,4.19,0.23,3.64,4.0,0.43,4.15,4.79,1.45,7.18,0.47,3.47,0.36,5.41,0.48,5.45,11.25,11.18,6.71,380.0,False
2007-12,2007,12,200712,0.74,4.46,4.46,0.7,4.36,4.36,0.97,5.16,5.16,1.9,9.08,0.82,4.29,0.59,6.0,0.43,5.88,11.25,11.18,6.43,380.0,True
2008-01,2008,1,200801,0.54,0.54,4.56,0.7,0.7,4.55,0.69,0.69,5.36,1.08,1.08,0.52,0.52,0.38,0.38,0.41,0.41,11.25,11.18,6.33,380.0,False
2008-02,2008,2,200802,0.49,1.03,4.61,0.64,1.34,4.74,0.48,1.17,5.43,0.52,1.6,0.19,0.71,0.4,0.78,0.43,0.84,11.25,11.18,6.28,380.0,False
2008-03,2008,3,200803,0.48,1.52,4.73,0.23,1.58,4.55,0.51,1.69,5.5,0.8,2.4,0.31,1.02,0.66,1.44,0.59,1.43,11.25,11.18,6.16,415.0,False
2008-04,2008,4,200804,0.55,2.08,5.04,0.59,2.18,4.94,0.64,2.34,5.9,1.3,3.7,0.54,1.56,0.87,2.31,0.82,2.25,11.75,11.37,6.03,415.0,False
2008-05,2008,5,200805,0.79,2.88,5.58,0.56,2.75,5.25,0.96,3.32,6.64,2.22,5.92,1.23,2.79,2.02,4.33,1.1,3.35,11.75,11.63,5.73,415.0,False
2008-06,2008,6,200806,0.74,3.64,6.06,0.9,3.67,5.89,0.91,4.26,7.28,2.29,8.21,0.96,3.75,1.92,6.25,2.67,6.02,12.25,12.09,5.69,415.0,False
2008-07,2008,7,200807,0.53,4.19,6.37,0.63,4.33,6.3,0.58,4.87,7.56,1.28,9.49,0.45,4.2,1.46,7.71,1.42,7.44,13.0,12.36,5.63,415.0,False
2008-08,2008,8,200808,0.28,4.48,6.17,0.35,4.69,6.23,0.21,5.09,7.15,-0.8,8.69,0.38,4.58,1.18,8.89,1.27,8.71,13.0,12.92,6.36,415.0,False
2008-09,2008,9,200809,0.26,4.76,6.25,0.26,4.96,6.2,0.15,5.25,7.04,0.44,9.13,0.38,4.96,0.95,9.84,0.95,9.66,13.75,13.39,6.72,415.0,False
2008-10,2008,10,200810,0.45,5.23,6.41,0.3,5.28,6.26,0.5,5.75,7.26,1.36,10.49,0.5,5.46,0.77,10.61,0.85,10.51,13.75,13.66,6.81,415.0,False
2008-11,2008,11,200811,0.36,5.61,6.39,0.49,5.79,6.54,0.38,6.17,7.2,-0.17,10.32,0.39,5.85,0.5,11.11,0.65,11.16,13.75,13.64,6.81,415.0,False
2008-12,2008,12,200812,0.28,5.9,5.9,0.29,6.1,6.1,0.29,6.48,6.48,-0.88,9.44,0.16,6.01,0.17,11.28,0.22,11.38,13.75,13.66,7.33,415.0,True
2009-01,2009,1,200901,0.48,0.48,5.84,0.4,0.4,5.79,0.64,0.64,6.43,-0.33,-0.33,0.46,0.46,0.33,0.33,0.26,0.26,12.75,13.32,7.07,415.0,False
2009-02,2009,2,200902,0.55,1.03,5.9,0.63,1.03,5.77,0.31,0.95,6.25,-0.31,-0.64,0.27,0.73,0.27,0.6,0.35,0.61,12.75,12.66,6.38,465.0,False
2009-03,2009,3,200903,0.2,1.23,5.61,0.11,1.14,5.65,0.2,1.15,5.92,-1.46,-2.1,0.4,1.13,-0.25,0.35,0.0,0.0,11.25,11.7,5.77,465.0,False
2009-04,2009,4,200904,0.48,1.72,5.53,0.36,1.51,5.4,0.55,1.71,5.83,-0.1,-2.2,0.31,1.44,-0.04,0.31,0.0,0.0,10.25,11.11,5.29,465.0,False
2009-05,2009,5,200905,0.47,2.2,5.2,0.59,2.1,5.44,0.6,2.32,5.45,-0.1,-2.3,0.33,1.77,1.39,1.7,0.25,0.86,10.25,10.16,4.71,465.0,False
2009-06,2009,6,200906,0.36,2.57,4.8,0.38,2.49,4.89,0.42,2.75,4.94,-0.64,-2.94,0.13,1.9,0.7,2.4,1.53,2.39,9.25,9.54,4.52,465.0,False
2009-07,2009,7,200907,0.24,2.81,4.5,0.22,2.72,4.47,0.23,2.99,4.57,-1.16,-4.1,0.33,2.23,0.26,2.66,0.37,2.76,8.75,9.01,4.32,465.0,False
2009-08,2009,8,200908,0.15,2.97,4.36,0.23,2.95,4.34,0.08,3.07,4.44,0.07,-4.03,0.48,2.71,-0.05,2.61,0.01,2.77,8.75,8.65,4.11,465.0,False
2009-09,2009,9,200909,0.24,3.21,4.34,0.19,3.15,4.27,0.16,3.24,4.45,0.29,-3.74,0.16,2.87,0.15,2.76,0.07,2.84,8.75,8.65,4.13,465.0,False
2009-10,2009,10,200910,0.28,3.5,4.17,0.18,3.34,4.14,0.24,3.48,4.18,-0.08,-3.82,0.25,3.12,0.06,2.82,0.13,2.97,8.75,8.65,4.3,465.0,False
2009-11,2009,11,200911,0.41,3.93,4.22,0.44,3.79,4.09,0.37,3.86,4.17,-0.04,-3.86,0.29,3.41,0.29,3.11,0.18,3.15,8.75,8.65,4.25,465.0,False
2009-12,2009,12,200912,0.37,4.31,4.31,0.38,4.18,4.18,0.24,4.11,4.11,-0.29,-4.15,0.18,3.59,0.1,3.21,0.2,3.35,8.75,8.65,4.16,465.0,True
2010-01,2010,1,201001,0.75,0.75,4.59,0.52,0.52,4.31,0.88,0.88,4.36,0.96,0.96,1.34,1.34,0.64,0.64,0.52,0.52,8.75,8.65,3.88,510.0,False
2010-02,2010,2,201002,0.78,1.54,4.83,0.94,1.46,4.63,0.7,1.59,4.77,1.38,2.34,0.74,2.08,0.36,1.0,0.35,0.87,8.75,8.65,3.64,510.0,False
2010-03,2010,3,201003,0.52,2.06,5.17,0.55,2.02,5.09,0.71,2.31,5.3,0.52,2.86,0.34,2.42,0.75,1.75,0.45,1.32,8.75,8.65,3.31,510.0,False
2010-04,2010,4,201004,0.57,2.65,5.26,0.48,2.51,5.22,0.73,3.05,5.49,0.68,3.54,0.39,2.81,0.84,2.59,1.17,2.49,9.5,8.72,3.29,510.0,False
2010-05,2010,5,201005,0.43,3.09,5.22,0.63,3.16,5.26,0.43,3.5,5.31,2.06,5.6,0.22,3.03,1.81,4.4,0.93,3.42,9.5,9.4,3.97,510.0,False
2010-06,2010,6,201006,0.0,3.09,4.84,0.19,3.35,5.06,-0.11,3.38,4.76,0.43,6.03,0.04,3.07,1.09,5.49,1.77,5.19,10.25,9.94,4.86,510.0,False
2010-07,2010,7,201007,0.01,3.1,4.6,-0.09,3.26,4.74,-0.07,3.31,4.44,0.34,6.37,0.17,3.24,0.44,5.93,0.62,5.81,10.75,10.32,5.47,510.0,False
2010-08,2010,8,201008,0.04,3.14,4.49,-0.05,3.21,4.44,-0.07,3.24,4.29,1.7,8.07,0.17,3.41,0.14,6.07,0.22,6.03,10.75,10.66,5.9,510.0,False
2010-09,2010,9,201009,0.45,3.6,4.7,0.31,3.53,4.57,0.54,3.79,4.68,1.47,9.54,0.53,3.94,0.21,6.28,0.2,6.23,10.75,10.66,5.69,510.0,False
2010-10,2010,10,201010,0.75,4.38,5.2,0.62,4.17,5.03,0.92,4.75,5.39,1.32,10.86,1.04,4.98,0.2,6.48,0.15,6.38,10.75,10.66,5.19,510.0,False
2010-11,2010,11,201011,0.83,5.25,5.63,0.86,5.07,5.47,1.03,5.83,6.08,1.98,12.84,0.72,5.7,0.37,6.85,0.36,6.74,10.75,10.66,4.76,510.0,False
2010-12,2010,12,201012,0.63,5.91,5.91,0.69,5.79,5.79,0.6,6.46,6.47,0.21,13.05,0.54,6.24,0.67,7.52,0.59,7.33,10.75,10.66,4.48,510.0,True
2011-01,2011,1,201101,0.83,0.83,5.99,0.76,0.76,6.04,0.94,0.94,6.53,0.96,0.96,1.15,1.15,0.41,0.41,0.37,0.37,11.25,10.85,4.59,540.0,False
2011-02,2011,2,201102,0.8,1.64,6.01,0.97,1.74,6.08,0.54,1.48,6.36,1.23,2.19,0.6,1.75,0.28,0.69,0.39,0.76,11.25,11.17,4.87,540.0,False
2011-03,2011,3,201103,0.79,2.44,6.3,0.6,2.35,6.13,0.66,2.15,6.31,0.6,2.79,0.35,2.1,0.43,1.12,0.44,1.2,11.75,11.62,5.0,545.0,False
2011-04,2011,4,201104,0.77,3.23,6.51,0.77,3.14,6.44,0.72,2.89,6.3,0.24,3.03,0.7,2.8,1.06,2.18,0.75,1.95,12.0,11.74,4.91,545.0,False
2011-05,2011,5,201105,0.47,3.71,6.55,0.7,3.86,6.51,0.57,3.48,6.44,-0.63,2.4,0.31,3.11,2.94,5.12,2.03,3.98,12.0,11.92,5.04,545.0,False
2011-06,2011,6,201106,0.15,3.87,6.71,0.23,4.1,6.55,0.22,3.7,6.8,-0.19,2.21,0.01,3.12,0.37,5.49,1.43,5.41,12.25,12.1,5.05,545.0,False
2011-07,2011,7,201107,0.16,4.04,6.87,0.1,4.2,6.75,0.0,3.7,6.87,-0.13,2.08,0.3,3.42,0.45,5.94,0.59,6.0,12.5,12.25,5.03,545.0,False
2011-08,2011,8,201108,0.37,4.42,7.23,0.27,4.48,7.1,0.42,4.14,7.4,0.77,2.85,0.39,3.81,0.13,6.07,0.16,6.16,12.0,12.42,4.84,545.0,False
2011-09,2011,9,201109,0.53,4.97,7.31,0.53,5.04,7.33,0.45,4.61,7.3,0.94,3.79,0.25,4.06,0.14,6.21,0.14,6.3,12.0,11.91,4.29,545.0,False
2011-10,2011,10,201110,0.43,5.43,6.97,0.42,5.48,7.12,0.32,4.94,6.66,0.48,4.27,0.39,4.45,0.23,6.44,0.2,6.5,11.5,11.7,4.42,545.0,False
2011-11,2011,11,201111,0.52,5.97,6.64,0.46,5.96,6.69,0.57,5.54,6.18,0.34,4.61,0.6,5.05,0.72,7.16,0.5,7.0,11.0,11.4,4.46,545.0,False
2011-12,2011,12,201112,0.5,6.5,6.5,0.56,6.56,6.56,0.51,6.08,6.08,-0.55,4.06,0.61,5.66,0.11,7.27,0.35,7.35,11.0,10.9,4.13,545.0,True
2012-01,2012,1,201201,0.56,0.56,6.22,0.65,0.65,6.44,0.51,0.51,5.63,0.01,0.01,0.66,0.66,0.89,0.89,0.67,0.67,10.5,10.7,4.22,622.0,False
2012-02,2012,2,201202,0.45,1.01,5.84,0.53,1.18,5.98,0.39,0.9,5.47,-0.03,-0.02,-0.07,0.59,0.3,1.19,0.42,1.09,10.5,10.4,4.31,622.0,False
2012-03,2012,3,201203,0.21,1.22,5.24,0.25,1.44,5.61,0.18,1.08,4.97,0.55,0.53,0.15,0.74,0.51,1.7,0.37,1.46,9.75,9.82,4.35,622.0,False
2012-04,2012,4,201204,0.64,1.87,5.1,0.43,1.87,5.25,0.64,1.73,4.88,1.25,1.78,0.47,1.21,0.75,2.45,0.83,2.29,9.0,9.35,4.04,622.0,False
2012-05,2012,5,201205,0.36,2.24,4.99,0.51,2.39,5.05,0.55,2.29,4.86,0.91,2.69,0.35,1.56,1.88,4.33,1.3,3.59,8.5,8.87,3.7,622.0,False
2012-06,2012,6,201206,0.08,2.32,4.92,0.18,2.58,5.0,0.26,2.56,4.9,0.89,3.58,0.23,1.79,0.73,5.06,1.31,4.9,8.5,8.39,3.31,622.0,False
2012-07,2012,7,201207,0.43,2.76,5.2,0.33,2.91,5.24,0.43,3.0,5.36,2.13,5.71,0.13,1.92,0.67,5.73,0.85,5.75,8.0,8.07,2.73,622.0,False
2012-08,2012,8,201208,0.41,3.18,5.24,0.39,3.32,5.35,0.45,3.46,5.39,1.77,7.48,0.27,2.19,0.26,5.99,0.32,6.07,7.5,7.85,2.48,622.0,False
2012-09,2012,9,201209,0.57,3.77,5.28,0.48,3.81,5.31,0.63,4.11,5.58,1.11,8.59,0.55,2.74,0.22,6.21,0.21,6.28,7.5,7.39,2.0,622.0,False
2012-10,2012,10,201210,0.59,4.38,5.45,0.65,4.49,5.56,0.71,4.85,5.99,-0.68,7.91,0.8,3.54,0.21,6.42,0.24,6.52,7.25,7.23,1.69,622.0,False
2012-11,2012,11,201211,0.6,5.01,5.53,0.54,5.05,5.64,0.54,5.42,5.95,0.16,8.07,0.68,4.22,0.33,6.75,0.23,6.75,7.25,7.14,1.53,622.0,False
2012-12,2012,12,201212,0.79,5.84,5.84,0.69,5.78,5.78,0.74,6.2,6.2,0.74,8.81,0.78,5.0,0.16,6.91,0.29,7.04,7.25,7.16,1.25,622.0,True
2013-01,2013,1,201301,0.86,0.86,6.15,0.88,0.88,6.02,0.92,0.92,6.63,0.0,0.0,1.15,1.15,0.65,0.65,0.39,0.39,7.25,7.11,0.9,678.0,False
2013-02,2013,2,201302,0.6,1.47,6.31,0.68,1.57,6.18,0.52,1.44,6.77,0.09,0.09,0.22,1.37,0.6,1.25,0.8,1.19,7.25,7.12,0.76,678.0,False
2013-03,2013,3,201303,0.47,1.94,6.59,0.49,2.06,6.43,0.6,2.05,7.22,0.12,0.21,-0.17,1.2,0.5,1.75,0.28,1.47,7.25,7.15,0.53,678.0,False
2013-04,2013,4,201304,0.55,2.5,6.49,0.51,2.58,6.51,0.59,2.66,7.16,-0.39,-0.18,0.28,1.48,0.74,2.49,0.84,2.31,7.5,7.26,0.72,678.0,False
2013-05,2013,5,201305,0.37,2.88,6.5,0.46,3.06,6.46,0.35,3.02,6.95,0.01,-0.17,0.1,1.58,2.25,4.74,1.24,3.55,8.0,7.42,0.86,678.0,False
2013-06,2013,6,201306,0.26,3.15,6.7,0.38,3.45,6.67,0.28,3.3,6.97,0.85,0.68,0.32,1.9,1.15,5.89,1.96,5.51,8.0,7.9,1.12,678.0,False
2013-07,2013,7,201307,0.03,3.18,6.27,0.07,3.52,6.4,-0.13,3.17,6.38,0.2,0.88,-0.13,1.77,0.48,6.37,0.73,6.24,8.5,8.23,1.84,678.0,False
2013-08,2013,8,201308,0.24,3.43,6.09,0.16,3.69,6.15,0.16,3.33,6.07,0.58,1.46,0.22,1.99,0.31,6.68,0.31,6.55,9.0,8.45,2.22,678.0,False
2013-09,2013,9,201309,0.35,3.79,5.86,0.27,3.97,5.93,0.27,3.61,5.69,1.9,3.36,0.25,2.24,0.43,7.11,0.43,6.98,9.0,8.9,2.87,678.0,False
2013-10,2013,10,201310,0.57,4.38,5.84,0.48,4.46,5.75,0.61,4.25,5.58,0.71,4.07,0.48,2.72,0.26,7.37,0.33,7.31,9.5,9.25,3.22,678.0,False
2013-11,2013,11,201311,0.54,4.95,5.77,0.57,5.06,5.78,0.54,4.81,5.58,0.12,4.19,0.46,3.18,0.35,7.72,0.27,7.58,10.0,9.45,3.48,678.0,False
2013-12,2013,12,201312,0.92,5.91,5.91,0.75,5.85,5.85,0.72,5.56,5.56,0.78,4.97,0.65,3.83,0.1,7.82,0.22,7.8,10.0,9.9,3.77,678.0,True
2014-01,2014,1,201401,0.55,0.55,5.59,0.67,0.67,5.63,0.63,0.63,5.26,0.12,0.12,0.94,0.94,0.88,0.88,0.7,0.7,10.5,10.17,4.34,724.0,False
2014-02,2014,2,201402,0.69,1.24,5.68,0.7,1.37,5.65,0.64,1.27,5.39,1.0,1.12,0.52,1.46,0.33,1.21,0.44,1.14,10.75,10.43,4.49,724.0,False
2014-03,2014,3,201403,0.92,2.18,6.15,0.73,2.11,5.9,0.82,2.1,5.62,1.91,3.03,0.74,2.2,0.28,1.49,0.22,1.36,10.75,10.65,4.24,724.0,False
2014-04,2014,4,201404,0.67,2.86,6.28,0.78,2.91,6.19,0.78,2.9,5.82,0.27,3.3,0.53,2.73,0.88,2.37,0.67,2.03,11.0,10.87,4.32,724.0,False
2014-05,2014,5,201405,0.46,3.33,6.37,0.58,3.51,6.31,0.6,3.52,6.08,-1.21,2.09,0.25,2.98,2.05,4.42,1.37,3.4,11.0,10.9,4.26,724.0,False
2014-06,2014,6,201406,0.4,3.75,6.52,0.47,3.99,6.41,0.26,3.79,6.06,-1.21,0.88,0.04,3.02,0.66,5.08,1.25,4.65,11.0,10.9,4.11,724.0,False
2014-07,2014,7,201407,0.01,3.76,6.5,0.17,4.17,6.51,0.13,3.92,6.33,-1.01,-0.13,0.16,3.18,0.75,5.83,0.8,5.45,11.0,10.9,4.13,724.0,False
2014-08,2014,8,201408,0.25,4.02,6.51,0.14,4.32,6.49,0.18,4.11,6.35,0.04,-0.09,0.34,3.52,0.08,5.91,0.19,5.64,11.0,10.9,4.12,724.0,False
2014-09,2014,9,201409,0.57,4.61,6.75,0.39,4.72,6.62,0.49,4.62,6.59,-0.18,-0.27,0.21,3.73,0.15,6.06,0.16,5.8,11.0,10.9,3.89,724.0,False
2014-10,2014,10,201410,0.42,5.05,6.59,0.48,5.23,6.62,0.38,5.02,6.34,0.73,0.46,0.37,4.1,0.17,6.23,0.2,6.0,11.25,10.92,4.06,724.0,False
2014-11,2014,11,201411,0.51,5.58,6.56,0.38,5.63,6.42,0.53,5.57,6.33,1.44,1.9,0.69,4.79,0.44,6.67,0.3,6.3,11.25,11.15,4.31,724.0,False
2014-12,2014,12,201412,0.78,6.41,6.41,0.79,6.46,6.46,0.62,6.23,6.23,0.3,2.2,0.3,5.09,0.08,6.75,0.25,6.55,11.75,11.58,4.86,724.0,True
2015-01,2015,1,201501,1.24,1.24,7.14,0.89,0.89,6.69,1.48,1.48,7.13,0.23,0.23,1.62,1.62,0.92,0.92,0.7,0.7,12.25,11.82,4.37,788.0,False
2015-02,2015,2,201502,1.22,2.48,7.7,1.33,2.23,7.36,1.16,2.66,7.68,0.41,0.64,1.22,2.84,0.31,1.23,0.5,1.2,12.25,12.15,4.13,788.0,False
2015-03,2015,3,201503,1.32,3.83,8.13,1.24,3.5,7.9,1.51,4.21,8.42,1.24,1.88,0.7,3.54,0.62,1.85,0.36,1.56,12.75,12.58,4.12,788.0,False
2015-04,2015,4,201504,0.71,4.56,8.17,1.07,4.61,8.22,0.71,4.95,8.34,0.61,2.49,1.1,4.64,0.46,2.31,0.65,2.21,13.25,12.68,4.17,788.0,False
2015-05,2015,5,201505,0.74,5.34,8.47,0.6,5.23,8.24,0.99,5.99,8.76,0.19,2.68,0.62,5.26,0.95,3.26,0.45,2.66,13.25,13.15,4.31,788.0,False
2015-06,2015,6,201506,0.79,6.17,8.89,0.99,6.28,8.8,0.77,6.8,9.31,0.43,3.11,0.47,5.73,1.84,5.1,1.87,4.53,13.75,13.58,4.31,788.0,False
2015-07,2015,7,201507,0.62,6.83,9.56,0.59,6.9,9.25,0.58,7.42,9.81,0.7,3.81,0.85,6.58,0.55,5.65,0.66,5.19,14.25,13.69,3.77,788.0,False
2015-08,2015,8,201508,0.22,7.06,9.53,0.43,7.36,9.57,0.25,7.69,9.88,0.44,4.25,0.56,7.14,0.59,6.24,0.8,5.99,14.25,14.15,4.22,788.0,False
2015-09,2015,9,201509,0.54,7.64,9.49,0.39,7.78,9.57,0.51,8.24,9.9,2.02,6.27,0.66,7.8,0.22,6.46,0.22,6.21,14.25,14.15,4.26,788.0,False
2015-10,2015,10,201510,0.82,8.52,9.93,0.66,8.49,9.77,0.77,9.07,10.33,2.38,8.65,0.88,8.68,0.36,6.82,0.27,6.48,14.25,14.15,3.84,788.0,False
2015-11,2015,11,201511,1.01,9.62,10.48,0.85,9.42,10.28,1.11,10.28,10.97,1.41,10.06,1.06,9.74,0.34,7.16,0.4,6.88,14.25,14.15,3.32,788.0,False
2015-12,2015,12,201512,0.96,10.67,10.67,1.18,10.71,10.71,0.9,11.28,11.28,0.33,10.39,0.82,10.56,0.1,7.26,0.12,7.0,14.25,14.15,3.14,788.0,True
2016-01,2016,1,201601,1.27,1.27,10.71,0.92,0.92,10.74,1.51,1.51,11.31,1.63,1.63,1.37,1.37,0.39,0.39,0.32,0.32,14.25,14.15,3.11,880.0,False
2016-02,2016,2,201602,0.9,2.18,10.36,1.42,2.35,10.84,0.95,2.47,11.08,0.84,2.47,0.89,2.26,0.54,0.93,0.52,0.84,14.25,14.15,3.43,880.0,False
2016-03,2016,3,201603,0.43,2.62,9.39,0.43,2.79,9.95,0.44,2.93,9.91,0.37,2.84,0.97,3.23,0.64,1.57,0.79,1.63,14.25,14.15,4.35,880.0,False
2016-04,2016,4,201604,0.61,3.25,9.28,0.51,3.32,9.34,0.64,3.58,9.83,0.29,3.13,0.46,3.69,0.55,2.12,0.41,2.04,14.25,14.15,4.46,880.0,False
2016-05,2016,5,201605,0.78,4.05,9.32,0.86,4.21,9.62,0.98,4.6,9.82,1.49,4.62,0.57,4.26,0.08,2.2,0.19,2.23,14.25,14.15,4.42,880.0,False
2016-06,2016,6,201606,0.35,4.42,8.84,0.4,4.62,8.98,0.47,5.09,9.49,2.1,6.72,0.65,4.91,1.93,4.13,1.52,3.75,14.25,14.15,4.88,880.0,False
2016-07,2016,7,201607,0.52,4.96,8.74,0.54,5.19,8.93,0.64,5.76,9.56,-0.81,5.91,0.35,5.26,0.49,4.62,1.09,4.84,14.25,14.15,4.98,880.0,False
2016-08,2016,8,201608,0.44,5.42,8.97,0.45,5.66,8.95,0.31,6.09,9.62,0.5,6.41,0.11,5.37,0.29,4.91,0.26,5.1,14.25,14.15,4.75,880.0,False
2016-09,2016,9,201609,0.08,5.51,8.48,0.23,5.9,8.78,0.08,6.18,9.15,-0.03,6.38,-0.14,5.23,0.33,5.24,0.37,5.47,14.25,14.15,5.23,880.0,False
2016-10,2016,10,201610,0.26,5.78,7.87,0.19,6.11,8.27,0.17,6.36,8.5,0.04,6.42,0.27,5.5,0.21,5.45,0.17,5.64,14.0,14.05,5.73,880.0,False
2016-11,2016,11,201611,0.18,5.97,6.99,0.26,6.38,7.64,0.07,6.43,7.39,-0.01,6.41,0.15,5.65,0.16,5.61,0.17,5.81,13.75,13.9,6.46,880.0,False
2016-12,2016,12,201612,0.3,6.29,6.29,0.19,6.58,6.58,0.14,6.58,6.58,1.1,7.51,0.72,6.37,0.35,5.96,0.36,6.17,13.75,13.65,6.92,880.0,True
2017-01,2017,1,201701,0.38,0.38,5.35,0.31,0.31,5.94,0.42,0.42,5.44,0.34,0.34,0.32,0.32,0.41,0.41,0.29,0.29,13.0,13.17,7.42,937.0,False
2017-02,2017,2,201702,0.33,0.71,4.76,0.54,0.85,5.02,0.24,0.66,4.69,-0.12,0.22,-0.08,0.24,0.65,1.06,0.53,0.82,12.25,12.82,7.69,937.0,False
2017-03,2017,3,201703,0.25,0.96,4.57,0.15,1.0,4.73,0.32,0.98,4.57,-0.78,-0.56,0.14,0.38,0.16,1.22,0.36,1.18,12.25,12.15,7.25,937.0,False
2017-04,2017,4,201704,0.14,1.1,4.08,0.21,1.22,4.41,0.08,1.06,3.99,-1.96,-2.52,0.61,0.99,-0.02,1.2,0.0,0.0,11.25,11.59,7.22,937.0,False
2017-05,2017,5,201705,0.31,1.42,3.6,0.24,1.46,3.77,0.36,1.43,3.35,-1.1,-3.62,-0.05,0.94,0.63,1.83,0.13,1.31,10.25,11.15,7.29,937.0,False
2017-06,2017,6,201706,-0.23,1.18,3.0,0.16,1.62,3.52,-0.3,1.12,2.56,-1.53,-5.15,0.05,0.99,0.93,2.76,1.36,2.67,10.25,10.15,6.94,937.0,False
2017-07,2017,7,201707,0.24,1.43,2.71,-0.18,1.44,2.78,0.17,1.3,2.08,-0.67,-5.82,-0.01,0.98,0.3,3.06,0.22,2.89,9.25,10.01,7.11,937.0,False
2017-08,2017,8,201708,0.19,1.62,2.46,0.35,1.79,2.68,-0.03,1.27,1.73,0.26,-5.56,0.1,1.08,0.36,3.42,0.4,3.29,9.25,9.15,6.53,937.0,False
2017-09,2017,9,201709,0.16,1.78,2.54,0.11,1.9,2.56,-0.02,1.24,1.63,0.97,-4.59,0.02,1.1,0.06,3.48,0.14,3.43,8.25,8.35,5.67,937.0,False
2017-10,2017,10,201710,0.42,2.21,2.7,0.34,2.25,2.71,0.37,1.62,1.83,-0.03,-4.62,0.32,1.42,0.31,3.79,0.19,3.62,7.5,8.01,5.17,937.0,False
2017-11,2017,11,201711,0.28,2.5,2.8,0.32,2.58,2.77,0.18,1.8,1.95,1.06,-3.56,0.29,1.71,0.31,4.1,0.28,3.9,7.5,7.4,4.47,937.0,False
2017-12,2017,12,201712,0.44,2.95,2.95,0.35,2.94,2.94,0.26,2.07,2.07,1.07,-2.49,0.55,2.26,0.07,4.17,0.14,4.04,7.0,7.0,3.93,937.0,True
2018-01,2018,1,201801,0.29,0.29,2.86,0.39,0.39,3.02,0.23,0.23,1.87,0.58,0.58,0.46,0.46,0.31,0.31,0.28,0.28,7.0,6.9,3.93,954.0,False
2018-02,2018,2,201802,0.32,0.61,2.84,0.38,0.77,2.86,0.18,0.41,1.81,0.15,0.73,-0.42,0.04,0.13,0.44,0.14,0.42,6.75,6.72,3.77,954.0,False
2018-03,2018,3,201803,0.09,0.7,2.68,0.1,0.87,2.8,0.07,0.48,1.56,0.77,1.5,0.0,0.04,0.24,0.68,0.23,0.65,6.5,6.58,3.8,954.0,False
2018-04,2018,4,201804,0.22,0.92,2.76,0.21,1.08,2.8,0.21,0.69,1.69,1.26,2.76,-0.03,0.01,0.29,0.97,0.28,0.93,6.5,6.4,3.54,954.0,False
2018-05,2018,5,201805,0.4,1.33,2.86,0.14,1.23,2.7,0.43,1.12,1.76,2.35,5.11,0.19,0.2,0.23,1.2,0.3,1.23,6.5,6.4,3.44,954.0,False
2018-06,2018,6,201806,1.26,2.6,4.39,1.11,2.35,3.68,1.43,2.57,3.53,1.67,6.78,1.01,1.21,0.97,2.17,0.76,1.99,6.5,6.4,1.93,954.0,False
2018-07,2018,7,201807,0.33,2.94,4.48,0.64,3.0,4.53,0.25,2.83,3.61,0.52,7.3,0.23,1.44,0.61,2.78,0.72,2.71,6.5,6.4,1.84,954.0,False
2018-08,2018,8,201808,-0.09,2.85,4.19,0.13,3.14,4.3,0.0,2.83,3.64,0.99,8.29,0.41,1.85,0.15,2.93,0.3,3.01,6.5,6.4,2.12,954.0,False
2018-09,2018,9,201809,0.48,3.34,4.53,0.09,3.23,4.28,0.3,3.14,3.97,2.54,10.83,0.39,2.24,0.23,3.16,0.17,3.18,6.5,6.4,1.79,954.0,False
2018-10,2018,10,201810,0.45,3.81,4.56,0.58,3.83,4.53,0.4,3.55,4.0,0.17,11.0,0.48,2.72,0.35,3.51,0.33,3.51,6.5,6.4,1.76,954.0,False
2018-11,2018,11,201811,-0.21,3.59,4.05,0.19,4.03,4.39,-0.25,3.29,3.56,-1.17,9.83,0.15,2.87,0.13,3.64,0.26,3.77,6.5,6.4,2.26,954.0,False
2018-12,2018,12,201812,0.15,3.75,3.75,-0.16,3.86,3.86,0.14,3.43,3.43,-0.82,9.01,0.09,2.96,0.13,3.77,0.13,3.9,6.5,6.4,2.55,954.0,True
2019-01,2019,1,201901,0.32,0.32,3.78,0.3,0.3,3.77,0.36,0.36,3.57,-0.19,-0.19,0.58,0.58,0.49,0.49,0.4,0.4,6.5,6.4,2.52,998.0,False
2019-02,2019,2,201902,0.43,0.75,3.89,0.34,0.64,3.73,0.54,0.9,3.94,1.79,1.6,0.54,1.12,0.09,0.58,0.19,0.59,6.5,6.4,2.42,998.0,False
2019-03,2019,3,201903,0.75,1.51,4.58,0.54,1.18,4.18,0.77,1.68,4.67,1.35,2.95,0.51,1.63,0.31,0.89,0.19,0.78,6.5,6.4,1.74,998.0,False
2019-04,2019,4,201904,0.57,2.09,4.94,0.72,1.91,4.71,0.6,2.29,5.07,1.09,4.04,0.29,1.92,0.38,1.27,0.49,1.27,6.5,6.4,1.39,998.0,False
2019-05,2019,5,201905,0.13,2.22,4.66,0.35,2.27,4.93,0.15,2.44,4.78,0.52,4.56,-0.02,1.9,0.03,1.3,0.09,1.36,6.5,6.4,1.66,998.0,False
2019-06,2019,6,201906,0.01,2.23,3.37,0.06,2.33,3.84,0.01,2.45,3.31,0.83,5.39,0.15,2.05,0.88,2.18,0.44,1.8,6.5,6.4,2.93,998.0,False
2019-07,2019,7,201907,0.19,2.42,3.22,0.09,2.42,3.27,0.1,2.55,3.16,-0.22,5.17,0.14,2.19,0.58,2.76,0.91,2.71,6.0,6.4,3.08,998.0,False
2019-08,2019,8,201908,0.11,2.54,3.43,0.08,2.51,3.22,0.12,2.68,3.28,-0.9,4.27,0.33,2.52,0.42,3.18,0.34,3.05,6.0,5.9,2.39,998.0,False
2019-09,2019,9,201909,-0.04,2.49,2.89,0.09,2.6,3.22,-0.05,2.63,2.92,0.69,4.96,0.0,2.52,0.46,3.64,0.6,3.65,5.5,5.71,2.74,998.0,False
2019-10,2019,10,201910,0.1,2.6,2.54,0.09,2.69,2.72,0.04,2.67,2.55,0.84,5.8,0.16,2.68,0.18,3.82,0.12,3.77,5.0,5.38,2.77,998.0,False
2019-11,2019,11,201911,0.51,3.12,3.27,0.14,2.83,2.67,0.54,3.22,3.37,1.11,6.91,0.68,3.36,0.04,3.86,0.15,3.92,5.0,4.9,1.58,998.0,False
2019-12,2019,12,201912,1.15,4.31,4.31,1.05,3.91,3.91,1.22,4.48,4.48,2.34,9.25,0.94,4.3,0.21,4.07,0.14,4.06,4.5,4.59,0.27,998.0,True
2020-01,2020,1,202001,0.21,0.21,4.19,0.71,0.71,4.34,0.19,0.19,4.3,-0.13,-0.13,0.29,0.29,0.38,0.38,0.26,0.26,4.5,4.4,0.2,1039.0,False
2020-02,2020,2,202002,0.25,0.46,4.01,0.22,0.93,4.21,0.17,0.36,3.92,-0.03,-0.16,0.11,0.4,0.33,0.71,0.35,0.61,4.25,4.19,0.17,1045.0,False
2020-03,2020,3,202003,0.07,0.53,3.3,0.02,0.95,3.67,0.18,0.54,3.31,2.33,2.17,0.1,0.5,0.26,0.97,0.38,0.99,3.75,3.95,0.63,1045.0,False
2020-04,2020,4,202004,-0.31,0.22,2.4,-0.01,0.94,2.92,-0.23,0.31,2.46,0.11,2.28,-0.3,0.2,0.22,1.19,0.18,1.17,3.75,3.65,1.22,1045.0,False
2020-05,2020,5,202005,-0.38,-0.16,1.88,-0.59,0.35,1.96,-0.25,0.06,2.05,0.25,2.53,-0.24,-0.04,0.2,1.39,0.21,1.38,3.0,3.01,1.11,1045.0,False
2020-06,2020,6,202006,0.26,0.1,2.13,0.02,0.37,1.92,0.3,0.36,2.35,2.22,4.75,0.39,0.35,0.34,1.73,0.32,1.7,2.25,2.58,0.44,1045.0,False
2020-07,2020,7,202007,0.36,0.46,2.31,0.3,0.67,2.13,0.44,0.8,2.69,3.14,7.89,0.25,0.6,1.17,2.9,0.84,2.54,2.25,2.15,-0.16,1045.0,False
2020-08,2020,8,202008,0.24,0.7,2.44,0.23,0.9,2.28,0.36,1.16,2.94,5.44,13.33,0.78,1.38,0.72,3.62,0.82,3.36,2.0,1.94,-0.49,1045.0,False
2020-09,2020,9,202009,0.64,1.34,3.14,0.45,1.35,2.65,0.87,2.04,3.89,4.38,17.71,1.12,2.5,1.16,4.78,1.15,4.51,2.0,1.9,-1.2,1045.0,False
2020-10,2020,10,202010,0.86,2.22,3.92,0.94,2.31,3.52,0.89,2.95,4.77,4.86,22.57,1.19,3.69,1.73,6.51,1.69,6.2,2.0,1.9,-1.94,1045.0,False
2020-11,2020,11,202011,0.89,3.13,4.31,0.81,3.13,4.22,0.95,3.93,5.2,3.31,25.88,1.03,4.72,1.28,7.79,1.29,7.49,2.0,1.9,-2.31,1045.0,False
2020-12,2020,12,202012,1.35,4.52,4.52,1.06,4.23,4.23,1.46,5.45,5.45,0.68,26.56,0.79,5.51,0.7,8.49,0.88,8.37,2.0,1.9,-2.51,1045.0,True
2021-01,2021,1,202101,0.25,0.25,4.56,0.78,0.78,4.3,0.27,0.27,5.53,3.92,3.92,0.86,0.86,0.89,0.89,0.93,0.93,2.0,1.9,-2.54,1100.0,False
2021-02,2021,2,202102,0.86,1.11,5.2,0.48,1.26,4.57,0.82,1.09,6.22,3.4,7.32,0.23,1.09,1.89,2.78,1.07,2.0,2.0,1.9,-3.14,1100.0,False
2021-03,2021,3,202103,0.93,2.05,6.1,0.93,2.21,5.52,0.86,1.96,6.94,2.59,9.91,0.71,1.8,1.3,4.08,2.0,4.0,2.75,2.23,-3.65,1100.0,False
2021-04,2021,4,202104,0.31,2.37,6.76,0.6,2.82,6.17,0.38,2.35,7.59,2.9,12.81,0.44,2.24,0.9,4.98,0.95,4.95,2.75,2.65,-3.85,1100.0,False
2021-05,2021,5,202105,0.83,3.22,8.06,0.44,3.27,7.27,0.96,3.33,8.9,4.2,17.01,0.41,2.65,2.22,7.2,1.8,6.75,3.5,3.29,-4.41,1100.0,False
2021-06,2021,6,202106,0.53,3.77,8.35,0.83,4.13,8.13,0.6,3.95,9.22,-0.26,16.75,0.81,3.46,2.16,9.36,2.3,9.05,4.25,3.76,-4.24,1100.0,False
2021-07,2021,7,202107,0.96,4.76,8.99,0.72,4.88,8.59,1.02,5.01,9.85,1.65,18.4,1.02,4.48,0.85,10.21,1.24,10.29,4.25,4.15,-4.44,1100.0,False
2021-08,2021,8,202108,0.87,5.67,9.68,0.89,5.81,9.3,0.88,5.94,10.42,-0.42,17.98,1.44,5.92,0.46,10.67,0.56,10.85,5.25,5.01,-4.26,1100.0,False
2021-09,2021,9,202109,1.16,6.9,10.25,1.14,7.02,10.05,1.2,7.21,10.78,-1.17,16.81,1.13,7.05,0.51,11.18,0.56,11.41,6.25,5.43,-4.37,1100.0,False
2021-10,2021,10,202110,1.25,8.24,10.67,1.2,8.3,10.34,1.16,8.45,11.08,1.9,18.71,1.0,8.05,0.86,12.04,0.8,12.21,7.75,6.3,-3.95,1100.0,False
2021-11,2021,11,202111,0.95,9.26,10.74,1.17,9.57,10.73,0.84,9.36,10.96,-1.16,17.55,0.72,8.77,0.67,12.71,0.71,12.92,7.75,7.65,-2.79,1100.0,False
2021-12,2021,12,202112,0.73,10.06,10.06,0.78,10.42,10.42,0.73,10.16,10.16,1.54,19.09,0.57,9.34,0.35,13.06,0.3,13.22,9.25,8.76,-1.18,1100.0,True
2022-01,2022,1,202201,0.54,0.54,10.38,0.58,0.58,10.2,0.67,0.67,10.6,2.57,2.57,0.74,0.74,0.71,0.71,0.64,0.64,9.25,9.15,-1.11,1212.0,False
2022-02,2022,2,202202,1.01,1.56,10.54,0.99,1.58,10.76,1.0,1.68,10.8,1.94,4.51,0.9,1.64,0.38,1.09,0.48,1.12,10.75,10.49,-0.05,1212.0,False
2022-03,2022,3,202203,1.62,3.2,11.3,0.95,2.54,10.79,1.71,3.42,11.73,2.8,7.31,1.28,2.92,0.86,1.95,0.73,1.85,11.75,11.15,-0.13,1212.0,False
2022-04,2022,4,202204,1.06,4.29,12.13,1.73,4.31,12.03,1.04,4.49,12.47,0.19,7.5,1.62,4.54,0.95,2.9,0.87,2.72,11.75,11.65,-0.43,1212.0,False
2022-05,2022,5,202205,0.47,4.78,11.73,0.59,4.93,12.2,0.45,4.96,11.9,0.55,8.05,0.42,4.96,2.28,5.18,1.49,4.21,12.75,12.51,0.7,1212.0,False
2022-06,2022,6,202206,0.67,5.49,11.89,0.69,5.65,12.04,0.62,5.61,11.92,0.44,8.49,0.28,5.24,2.14,7.32,2.81,7.02,13.25,12.89,0.89,1212.0,False
2022-07,2022,7,202207,-0.68,4.77,10.07,0.13,5.79,11.39,-0.6,4.98,10.12,-0.32,8.17,0.16,5.4,0.86,8.18,1.16,8.18,13.25,13.15,2.8,1212.0,False
2022-08,2022,8,202208,-0.36,4.39,8.73,-0.73,5.02,9.6,-0.31,4.65,8.83,-0.63,7.54,0.12,5.52,0.09,8.27,0.33,8.51,13.75,13.58,4.46,1212.0,False
2022-09,2022,9,202209,-0.29,4.09,7.17,-0.37,4.63,7.96,-0.32,4.32,7.19,-1.68,5.86,0.12,5.64,0.09,8.36,0.1,8.61,13.75,13.65,6.05,1212.0,False
2022-10,2022,10,202210,0.59,4.7,6.47,0.16,4.8,6.85,0.47,4.81,6.46,-1.04,4.82,0.45,6.09,0.12,8.48,0.04,8.65,13.75,13.65,6.74,1212.0,False
2022-11,2022,11,202211,0.41,5.13,5.9,0.53,5.35,6.17,0.38,5.21,5.97,-0.43,4.39,0.47,6.56,0.36,8.84,0.14,8.79,13.75,13.65,7.32,1212.0,False
2022-12,2022,12,202212,0.62,5.79,5.79,0.52,5.9,5.9,0.69,5.93,5.93,0.32,4.71,0.54,7.1,0.09,8.93,0.27,9.06,13.75,13.65,7.43,1212.0,True
2023-01,2023,1,202301,0.53,0.53,5.77,0.55,0.55,5.87,0.46,0.46,5.71,-0.19,-0.19,0.63,0.63,0.46,0.46,0.32,0.32,13.75,13.65,7.45,1302.0,False
2023-02,2023,2,202302,0.84,1.37,5.6,0.76,1.31,5.63,0.77,1.23,5.47,-0.04,-0.23,0.43,1.06,0.05,0.51,0.21,0.53,13.75,13.65,7.62,1302.0,False
2023-03,2023,3,202303,0.71,2.09,4.65,0.69,2.01,5.36,0.64,1.88,4.36,-0.71,-0.94,0.39,1.45,0.3,0.81,0.18,0.71,13.75,13.65,8.6,1302.0,False
2023-04,2023,4,202304,0.61,2.72,4.18,0.57,2.59,4.16,0.53,2.42,3.83,-1.56,-2.5,0.43,1.88,0.14,0.95,0.23,0.94,13.75,13.65,9.09,1302.0,False
2023-05,2023,5,202305,0.23,2.95,3.94,0.51,3.12,4.07,0.36,2.79,3.74,-3.37,-5.87,0.2,2.08,0.59,1.54,0.4,1.34,13.75,13.65,9.34,1320.0,False
